,z0_spring,z0_summer,z0_autumn,z0_winter,alb_spring,alb_summer,alb_autumn,alb_winter,bo_spring,bo_summer,bo_autumn,bo_winter,Sectors
0,0.39413217658133265,0.4047821845150604,0.3856121702343505,0.3856121702343505,0.13457662275485058,0.14319619334366446,0.16695452284858897,0.16695452284858897,0.40716254469165275,0.7904041970157767,0.825866793889662,0.825866793889662,90.0
1,0.6992576088184619,0.7064709802974961,0.6934869116352346,0.6934869116352346,0.13457662275485058,0.14319619334366446,0.16695452284858897,0.16695452284858897,0.40716254469165275,0.7904041970157767,0.825866793889662,0.825866793889662,135.0
2,0.9398078968834264,0.9412905611437447,0.9386217654751717,0.9386217654751717,0.13457662275485058,0.14319619334366446,0.16695452284858897,0.16695452284858897,0.40716254469165275,0.7904041970157767,0.825866793889662,0.825866793889662,180.0
3,0.8290794306951814,0.8329354747000136,0.8259945954913156,0.8259945954913156,0.13457662275485058,0.14319619334366446,0.16695452284858897,0.16695452284858897,0.40716254469165275,0.7904041970157767,0.825866793889662,0.825866793889662,225.0
4,0.9500897199516569,0.9561905155339845,0.9452090834857949,0.9452090834857949,0.13457662275485058,0.14319619334366446,0.16695452284858897,0.16695452284858897,0.40716254469165275,0.7904041970157767,0.825866793889662,0.825866793889662,270.0
5,0.9074124205364081,0.9115345479756142,0.9041147185850432,0.9041147185850432,0.13457662275485058,0.14319619334366446,0.16695452284858897,0.16695452284858897,0.40716254469165275,0.7904041970157767,0.825866793889662,0.825866793889662,315.0
6,0.6958169701750408,0.7057138578160903,0.6878994600622013,0.6878994600622013,0.13457662275485058,0.14319619334366446,0.16695452284858897,0.16695452284858897,0.40716254469165275,0.7904041970157767,0.825866793889662,0.825866793889662,45.0
7,0.922008088866856,0.9261774141261743,0.9186726286594015,0.9186726286594015,0.13457662275485058,0.14319619334366446,0.16695452284858897,0.16695452284858897,0.40716254469165275,0.7904041970157767,0.825866793889662,0.825866793889662,0.0
